email,result,reason,disposable,accept_all,role,free,user,domain,mx_record,mx_domain,did_you_mean
3ds.information-security@3ds.com,valid,accepted_email,false,true,false,false,3ds.information-security,3ds.com,mxa-00752701.gslb.pphosted.com,pphosted.com,3ds.information-security@cs.com
a365.security@altium.com,valid,accepted_email,false,false,false,false,a365.security,altium.com,aspmx.l.google.com,google.com,
advisories@schutzwerk.com,valid,accepted_email,false,false,false,false,advisories,schutzwerk.com,mx0.schutzwerk.net,schutzwerk.net,
advisories@sra.io,valid,accepted_email,false,false,false,false,advisories,sra.io,sra-io.mail.protection.outlook.com,outlook.com,
alibaba-cna@list.alibaba-inc.com,valid,accepted_email,false,false,false,false,alibaba-cna,list.alibaba-inc.com,mx1.alibaba-inc.com,alibaba-inc.com,
alphabet-cna@google.com,valid,accepted_email,false,true,false,false,alphabet-cna,google.com,smtp.google.com,google.com,
android-cna-team@google.com,valid,accepted_email,false,true,false,false,android-cna-team,google.com,smtp.google.com,google.com,
art@zuso.ai,valid,accepted_email,false,false,false,false,art,zuso.ai,aspmx.l.google.com,google.com,
audit@patchstack.com,valid,accepted_email,false,false,false,false,audit,patchstack.com,aspmx.l.google.com,google.com,
aws-security@amazon.com,valid,accepted_email,false,true,false,false,aws-security,amazon.com,amazon-smtp.amazon.com,amazon.com,
biossecurity@ami.com,valid,accepted_email,false,false,false,false,biossecurity,ami.com,ami-com.mail.protection.outlook.com,outlook.com,biossecurity@aol.com
brocade.sirt@broadcom.com,valid,accepted_email,false,true,false,false,brocade.sirt,broadcom.com,mx1.smtp.goog,smtp.goog,
browser-security@yandex-team.ru,valid,accepted_email,false,false,false,false,browser-security,yandex-team.ru,mx.yandex-team.ru,yandex-team.ru,
bugreport@qualys.com,valid,accepted_email,false,true,false,false,bugreport,qualys.com,mxa-001ca501.gslb.pphosted.com,pphosted.com,
bugs@9front.org,unknown,unavailable_smtp,false,false,false,false,bugs,9front.org,9front.inri.net,inri.net,
bugs@crowdstrike.com,valid,accepted_email,false,true,false,false,bugs,crowdstrike.com,mxa-00206402.gslb.pphosted.com,pphosted.com,
bugs@dualvs.com,valid,accepted_email,false,false,false,false,bugs,dualvs.com,moose.mxrouting.net,mxrouting.net,
cert@cert.org,valid,accepted_email,false,false,false,false,cert,cert.org,tilton.sei.cmu.edu,cmu.edu,
cert@ncsc.nl,valid,accepted_email,false,false,false,false,cert,ncsc.nl,mx.ncsc.nl,ncsc.nl,
chromeos-security@chromium.org,valid,accepted_email,false,false,false,false,chromeos-security,chromium.org,aspmx.l.google.com,google.com,
cna@cloudflare.com,valid,accepted_email,false,true,false,false,cna,cloudflare.com,mxa-canary.global.inbound.cf-emailsecurity.net,cf-emailsecurity.net,
cna@cyber.gov.il,valid,accepted_email,false,false,false,false,cna,cyber.gov.il,incd.in.tmes.trendmicro.eu,trendmicro.eu,
cna@djangoproject.com,valid,accepted_email,false,false,false,false,cna,djangoproject.com,alt1.aspmx.l.google.com,google.com,
cna@erlef.org,valid,accepted_email,false,false,false,false,cna,erlef.org,in1-smtp.messagingengine.com,messagingengine.com,
cna@jfrog.com,valid,accepted_email,false,true,false,false,cna,jfrog.com,aspmx.l.google.com,google.com,
cna@kaspersky.com,valid,accepted_email,false,false,false,false,cna,kaspersky.com,mx9.kaspersky-labs.com,kaspersky-labs.com,
cna@mongodb.com,valid,accepted_email,false,false,false,false,cna,mongodb.com,aspmx.l.google.com,google.com,
cna@pentraze.com,valid,accepted_email,false,false,false,false,cna,pentraze.com,pentraze-com.mail.protection.outlook.com,outlook.com,
cna@postgresql.org,valid,accepted_email,false,false,false,false,cna,postgresql.org,magus.postgresql.org,postgresql.org,
cna@python.org,valid,accepted_email,false,false,false,false,cna,python.org,mail.python.org,python.org,
cna@sap.com,valid,accepted_email,false,false,false,false,cna,sap.com,sap-com.mail.protection.outlook.com,outlook.com,cna@mac.com
cna@vuldb.com,valid,accepted_email,false,false,false,false,cna,vuldb.com,_dc-mx.a5e61b6c24c4.vuldb.com,vuldb.com,
cna@zigor.com,valid,accepted_email,false,false,false,false,cna,zigor.com,zigor-com.mail.protection.outlook.com,outlook.com,
cna@zohocorp.com,valid,accepted_email,false,false,false,false,cna,zohocorp.com,zc-mx.zohocorp.com,zohocorp.com,
cnalr-coordination@redhat.com,unknown,temporarily_blocked,false,false,false,false,cnalr-coordination,redhat.com,us-smtp-inbound-1.mimecast.com,mimecast.com,
contact@securifera.com,valid,accepted_email,false,false,true,false,contact,securifera.com,mx.securifera.com,securifera.com,
contact@wpscan.com,unknown,temporarily_blocked,false,false,true,false,contact,wpscan.com,mx1.dfw.automattic.com,automattic.com,
cpcert@se.com,unknown,temporarily_blocked,false,false,false,false,cpcert,se.com,de-smtp-inbound-1.mimecast.com,mimecast.com,cpcert@me.com
csirt@divd.nl,valid,accepted_email,false,false,false,false,csirt,divd.nl,mx1.smtp.goog,smtp.goog,csirt@live.nl
cvd@cert.pl,valid,accepted_email,false,false,false,false,cvd,cert.pl,mx1.cert.pl,cert.pl,
cvd@gehealthcare.com,valid,accepted_email,false,false,false,false,cvd,gehealthcare.com,gehealthcare-com.mail.protection.outlook.com,outlook.com,
cve-coordination@echohq.com,valid,accepted_email,false,false,false,false,cve-coordination,echohq.com,aspmx.l.google.com,google.com,
cve-coordination@hckrt.com,valid,accepted_email,false,false,false,false,cve-coordination,hckrt.com,hckrt-com.mail.protection.outlook.com,outlook.com,
cve-coordination@incibe.es,valid,accepted_email,false,true,false,false,cve-coordination,incibe.es,correo.incibe.es,incibe.es,
cve-coordination@logitech.com,valid,accepted_email,false,true,false,false,cve-coordination,logitech.com,aspmx.l.google.com,google.com,
cve-coordination@maritimehackingvillage.com,valid,accepted_email,false,false,false,false,cve-coordination,maritimehackingvillage.com,smtp.google.com,google.com,
cve-coordination@monash.edu,valid,accepted_email,false,false,false,false,cve-coordination,monash.edu,ASPMX.L.GOOGLE.COM,GOOGLE.COM,
cve-coordination@palantir.com,valid,accepted_email,false,true,false,false,cve-coordination,palantir.com,mx0a-00153501.pphosted.com,pphosted.com,
cve-coordination@ribose.com,invalid,rejected_email,false,false,false,false,cve-coordination,ribose.com,ribose-com.mail.protection.outlook.com,outlook.com,
cve-coordination@sba-research.org,valid,accepted_email,false,false,false,false,cve-coordination,sba-research.org,mailgw.sba-research.org,sba-research.org,
cve-coordination@softiron.com,valid,accepted_email,false,false,false,false,cve-coordination,softiron.com,aspmx.l.google.com,google.com,
cve-coordination@stackable.tech,valid,accepted_email,false,true,false,false,cve-coordination,stackable.tech,ASPMX.L.GOOGLE.COM,GOOGLE.COM,
cve-coordination@wiz.io,valid,accepted_email,false,true,false,false,cve-coordination,wiz.io,smtp.google.com,google.com,
cve-coordinator@bugcrowd.com,valid,accepted_email,false,true,false,false,cve-coordinator,bugcrowd.com,aspmx.l.google.com,google.com,
cve-reporting@almaviva.it,valid,accepted_email,false,false,false,false,cve-reporting,almaviva.it,almaviva-it.mail.protection.outlook.com,outlook.com,
cve-request@cirosec.de,valid,accepted_email,false,false,false,false,cve-request,cirosec.de,cirosec-de.mail.protection.outlook.com,outlook.com,
cve-request@iojs.org,valid,accepted_email,false,false,false,false,cve-request,iojs.org,mxa.mailgun.org,mailgun.org,
cve-request@security.metacpan.org,valid,accepted_email,false,false,false,false,cve-request,security.metacpan.org,mx1.simplelists.com,simplelists.com,
cve-request@wordfence.com,valid,accepted_email,false,false,false,false,cve-request,wordfence.com,aspmx.l.google.com,google.com,
cve-requests@bitdefender.com,valid,accepted_email,false,true,false,false,cve-requests,bitdefender.com,mx01.bitdefender.com,bitdefender.com,
cve.coordination@hackrtu.com,valid,accepted_email,false,true,false,false,cve.coordination,hackrtu.com,hackrtu-com.mail.protection.outlook.com,outlook.com,
cve@aliasrobotics.com,valid,accepted_email,false,false,false,false,cve,aliasrobotics.com,aspmx.l.google.com,google.com,
cve@asrg.io,valid,accepted_email,false,true,false,false,cve,asrg.io,aspmx.l.google.com,google.com,
cve@atisoluciones.com,valid,accepted_email,false,false,false,false,cve,atisoluciones.com,aspmx.l.google.com,google.com,
cve@bombadil.systems,valid,accepted_email,false,false,false,false,cve,bombadil.systems,mx001.netsol.xion.oxcs.net,oxcs.net,
cve@cert.org.tw,valid,accepted_email,false,true,false,false,cve,cert.org.tw,ms1.nics.nat.gov.tw,nat.gov.tw,
cve@checkpoint.com,valid,accepted_email,false,true,false,false,cve,checkpoint.com,checkpoint-com.d-v1.mx.microsoft,mx.microsoft,
cve@curl.se,valid,accepted_email,false,false,false,false,cve,curl.se,mail.haxx.se,haxx.se,
cve@cygence.com.au,valid,accepted_email,false,false,false,false,cve,cygence.com.au,cygence-com-au.mail.protection.outlook.com,outlook.com,
cve@delinea.com,valid,accepted_email,false,true,false,false,cve,delinea.com,delinea-com.mail.protection.outlook.com,outlook.com,
cve@forums.swift.org,valid,accepted_email,false,true,false,false,cve,forums.swift.org,mx-corp1.discoursemail.com,discoursemail.com,
cve@gitlab.com,valid,accepted_email,false,true,false,false,cve,gitlab.com,aspmx.l.google.com,google.com,
cve@graphql-java.com,valid,accepted_email,false,true,false,false,cve,graphql-java.com,in1-smtp.messagingengine.com,messagingengine.com,
cve@intigriti.com,valid,accepted_email,false,false,false,false,cve,intigriti.com,intigriti-com.mail.protection.outlook.com,outlook.com,
cve@keepersecurity.com,valid,accepted_email,false,false,false,false,cve,keepersecurity.com,aspmx.l.google.com,google.com,
cve@kernel.org,valid,accepted_email,false,false,false,false,cve,kernel.org,smtp1.kernel.org,kernel.org,
cve@navercorp.com,valid,accepted_email,false,false,false,false,cve,navercorp.com,mx1.navercorp.com,navercorp.com,
cve@os-s.de,valid,accepted_email,false,false,false,false,cve,os-s.de,xchg.spenneberg.net,spenneberg.net,
cve@profelis.com.tr,valid,accepted_email,false,false,false,false,cve,profelis.com.tr,aspmx.l.google.com,google.com,
cve@projectblack.io,valid,accepted_email,false,true,false,false,cve,projectblack.io,projectblack-io.mail.protection.outlook.com,outlook.com,
cve@rapid7.com,valid,accepted_email,false,false,false,false,cve,rapid7.com,aspmx.l.google.com,google.com,
cve@sealsecurity.io,valid,accepted_email,false,true,false,false,cve,sealsecurity.io,aspmx.l.google.com,google.com,
cve@senhasegura.com,valid,accepted_email,false,false,false,false,cve,senhasegura.com,aspmx.l.google.com,google.com,
cve@takeonme.org,valid,accepted_email,false,false,false,false,cve,takeonme.org,mail.protonmail.ch,protonmail.ch,
cve@tegocyber.com,valid,accepted_email,false,false,false,false,cve,tegocyber.com,tegocyber-com.mail.protection.outlook.com,outlook.com,
cve@usom.gov.tr,valid,accepted_email,false,true,false,false,cve,usom.gov.tr,mail.btk.gov.tr,btk.gov.tr,
cve@wpfull.com.br,unknown,unavailable_smtp,false,false,false,false,cve,wpfull.com.br,mail.wpfull.com.br,wpfull.com.br,
cve@zscaler.com,valid,accepted_email,false,true,false,false,cve,zscaler.com,aspmx.l.google.com,google.com,
cve_disclosure@tech.gov.sg,valid,accepted_email,false,false,false,false,cve_disclosure,tech.gov.sg,mx1.sgict.gov.sg,sgict.gov.sg,
cves@blacklanternsecurity.com,valid,accepted_email,false,false,false,false,cves,blacklanternsecurity.com,blacklanternsecurity-com.mail.protection.outlook.com,outlook.com,
cyberarklabs@cyberark.com,valid,accepted_email,false,true,false,false,cyberarklabs,cyberark.com,mxa-0021d601.gslb.pphosted.com,pphosted.com,
cybersecurity@ch.abb.com,valid,accepted_email,false,false,false,false,cybersecurity,ch.abb.com,mxb-00661e01.gslb.pphosted.com,pphosted.com,
cybersecurity@dahuatech.com,valid,accepted_email,false,true,false,false,cybersecurity,dahuatech.com,smtp.dahuainc.net,dahuainc.net,
cybersecurity@hitachienergy.com,valid,accepted_email,false,false,false,false,cybersecurity,hitachienergy.com,hitachienergy-com.mail.protection.outlook.com,outlook.com,
cytiva_productsecurity@cytiva.com,valid,accepted_email,false,true,false,false,cytiva_productsecurity,cytiva.com,mxa-001d2f01.gslb.pphosted.com,pphosted.com,
delta.psirt@deltaww.com,valid,accepted_email,false,true,false,false,delta.psirt,deltaww.com,deltaww.in.tmes.trendmicro.com,trendmicro.com,
dgi-fb_vulnerability_report@fujifilm.com,valid,accepted_email,false,true,false,false,dgi-fb_vulnerability_report,fujifilm.com,mxa-00922502.gslb.pphosted.com,pphosted.com,
disclose@cybersecurityworks.com,valid,accepted_email,false,false,false,false,disclose,cybersecurityworks.com,aspmx.l.google.com,google.com,
disclose@securin.io,valid,accepted_email,false,false,false,false,disclose,securin.io,aspmx.l.google.com,google.com,
disclosure@connectwise.com,valid,accepted_email,false,true,false,false,disclosure,connectwise.com,mxa-005c1903.gslb.pphosted.com,pphosted.com,
disclosure@hiddenlayer.com,valid,accepted_email,false,false,false,false,disclosure,hiddenlayer.com,ASPMX.L.GOOGLE.com,GOOGLE.com,
disclosure@toreon.com,valid,accepted_email,false,false,false,false,disclosure,toreon.com,toreon-com.mail.protection.outlook.com,outlook.com,
disclosure@vulncheck.com,valid,accepted_email,false,false,false,false,disclosure,vulncheck.com,aspmx.l.google.com,google.com,
disclosure@wrensecurity.org,valid,accepted_email,false,true,false,false,disclosure,wrensecurity.org,aspmx.l.google.com,google.com,
disclosures@automox.com,valid,accepted_email,false,false,false,false,disclosures,automox.com,aspmx.l.google.com,google.com,
disclosures@enterprisedb.com,valid,accepted_email,false,true,false,false,disclosures,enterprisedb.com,mxa-006f8902.gslb.pphosted.com,pphosted.com,
disclosures@exodusintel.com,valid,accepted_email,false,false,false,false,disclosures,exodusintel.com,exodusintel-com.mail.protection.outlook.com,outlook.com,
disclosures@gallagher.com,valid,accepted_email,false,false,false,false,disclosures,gallagher.com,gallagher-com.mail.protection.outlook.com,outlook.com,
disclosures@halborn.com,valid,accepted_email,false,false,false,false,disclosures,halborn.com,halborn-com.mail.protection.outlook.com,outlook.com,
disclosures@herodevs.com,valid,accepted_email,false,true,false,false,disclosures,herodevs.com,aspmx.l.google.com,google.com,
disclosures@korelogic.com,unknown,temporarily_blocked,false,false,false,false,disclosures,korelogic.com,mail.korelogic.com,korelogic.com,
dspa-cve@google.com,valid,accepted_email,false,true,false,false,dspa-cve,google.com,smtp.google.com,google.com,
es.dis.s21sec.cve.coordination@thalesgroup.com,valid,accepted_email,false,false,false,false,es.dis.s21sec.cve.coordination,thalesgroup.com,mx01.thalesgroup.com,thalesgroup.com,
f5sirt@f5.com,valid,accepted_email,false,true,false,false,f5sirt,f5.com,mx2.hc5801-97.iphmx.com,iphmx.com,
facts@wolfssl.com,valid,accepted_email,false,true,false,false,facts,wolfssl.com,aspmx.l.google.com,google.com,
feedback-crypto@bouncycastle.org,valid,accepted_email,false,false,false,false,feedback-crypto,bouncycastle.org,mail.bouncycastle.org,bouncycastle.org,
gev.psirt@gevernova.com,valid,accepted_email,false,false,false,false,gev.psirt,gevernova.com,gevernova-com.mail.protection.outlook.com,outlook.com,
glibc-cna@sourceware.org,valid,accepted_email,false,false,false,false,glibc-cna,sourceware.org,sourceware.org,sourceware.org,
global.corp.product.security@vantive.com,valid,accepted_email,false,true,false,false,global.corp.product.security,vantive.com,mx1.hc6366-77.iphmx.com,iphmx.com,
google-cloud-cve-program@google.com,valid,accepted_email,false,true,false,false,google-cloud-cve-program,google.com,smtp.google.com,google.com,
hdq-toshiba-psirt@ml.toshiba.co.jp,valid,accepted_email,false,false,false,false,hdq-toshiba-psirt,ml.toshiba.co.jp,mx.securemx.jp,securemx.jp,
help@fluidattacks.com,valid,accepted_email,false,false,true,false,help,fluidattacks.com,aspmx.l.google.com,google.com,
hirt@hitachi.co.jp,valid,accepted_email,false,true,false,false,hirt,hitachi.co.jp,mx1.hc514-86.ap.iphmx.com,iphmx.com,
hp-security-alert@hp.com,unknown,temporarily_blocked,false,false,false,false,hp-security-alert,hp.com,us-smtp-inbound-1.mimecast.com,mimecast.com,
hsrc@hikvision.com,valid,accepted_email,false,true,false,false,hsrc,hikvision.com,mailus.hikvision.com,hikvision.com,
ict.security@gridware.com.au,valid,accepted_email,false,false,false,false,ict.security,gridware.com.au,gridware-com-au.mail.protection.outlook.com,outlook.com,
incident@nbu.gov.sk,valid,accepted_email,false,true,false,false,incident,nbu.gov.sk,mail.gov.sk,mail.gov.sk,
info@appcheck-ng.com,valid,accepted_email,false,false,true,false,info,appcheck-ng.com,appcheckng-com02b.mail.protection.outlook.com,outlook.com,
info@cert.vde.com,valid,accepted_email,false,true,true,false,info,cert.vde.com,mx1.certvde.com,certvde.com,
info@greenrocketsecurity.com,valid,accepted_email,false,true,true,false,info,greenrocketsecurity.com,greenrocketsecurity-com.mail.protection.outlook.com,outlook.com,
info@starlabs.sg,valid,accepted_email,false,false,true,false,info,starlabs.sg,aspmx.l.google.com,google.com,
infosec-cna@edk2.groups.io,valid,accepted_email,false,false,false,false,infosec-cna,edk2.groups.io,lb01.groups.io,groups.io,
jenkinsci-cert@googlegroups.com,valid,accepted_email,false,false,false,false,jenkinsci-cert,googlegroups.com,gmr-smtp-in.l.google.com,google.com,
larry0@me.com,valid,accepted_email,false,false,false,true,larry0,me.com,mx01.mail.icloud.com,icloud.com,
lbs.productsecurity@leicabiosystems.com,valid,accepted_email,false,true,false,false,lbs.productsecurity,leicabiosystems.com,mxb-001d2f01.gslb.pphosted.com,pphosted.com,
ljharb@harbor.ist,valid,accepted_email,false,true,false,false,ljharb,harbor.ist,mailserver.purelymail.com,purelymail.com,
mandiant-cve@google.com,valid,accepted_email,false,true,false,false,mandiant-cve,google.com,smtp.google.com,google.com,
megarac.security@ami.com,valid,accepted_email,false,false,false,false,megarac.security,ami.com,ami-com.mail.protection.outlook.com,outlook.com,megarac.security@aol.com
mitsubishielectric.psirt@yd.mitsubishielectric.co.jp,valid,accepted_email,false,true,false,false,mitsubishielectric.psirt,yd.mitsubishielectric.co.jp,yd-mitsubishielectric-co-jp.mail.protection.outlook.com,outlook.com,
ml-sec-cna@lycorp.co.jp,valid,accepted_email,false,true,false,false,ml-sec-cna,lycorp.co.jp,mxb-0057a801.gslb.pphosted.com,pphosted.com,
mobile.security@samsung.com,valid,accepted_email,false,false,false,false,mobile.security,samsung.com,mailin.samsung.com,samsung.com,
office@cyberdanube.com,valid,accepted_email,false,false,true,false,office,cyberdanube.com,cyberdanube-com.mail.protection.outlook.com,outlook.com,
openbmc-security@lists.ozlabs.org,unknown,temporarily_blocked,false,false,false,false,openbmc-security,lists.ozlabs.org,mx0.ozlabs.org,ozlabs.org,
openeuler-security@openeuler.org,valid,accepted_email,false,false,false,false,openeuler-security,openeuler.org,mail.openeuler.org,openeuler.org,
openssl-security@openssl.org,valid,accepted_email,false,true,false,false,openssl-security,openssl.org,aspmx.l.google.com,google.com,
oss-report@checkmarx.com,valid,accepted_email,false,false,false,false,oss-report,checkmarx.com,checkmarx-com.mail.protection.outlook.com,outlook.com,
ot-cert@dragos.com,valid,accepted_email,false,false,false,false,ot-cert,dragos.com,mxa-00386c03.gslb.pphosted.com,pphosted.com,
paddle-security@baidu.com,valid,accepted_email,false,false,false,false,paddle-security,baidu.com,mx.maillb.baidu.com,baidu.com,
prodsec@nozominetworks.com,valid,accepted_email,false,true,false,false,prodsec,nozominetworks.com,mxa-00756801.gslb.pphosted.com,pphosted.com,
product-cna@github.com,valid,accepted_email,false,true,false,false,product-cna,github.com,github-com.mail.protection.outlook.com,outlook.com,
product-security@apple.com,valid,accepted_email,false,false,false,false,product-security,apple.com,mx-in.g.apple.com,apple.com,
product-security@asrmicro.com,valid,accepted_email,false,true,false,false,product-security,asrmicro.com,mail.asrmicro.com,asrmicro.com,
product-security@axis.com,valid,accepted_email,false,false,false,false,product-security,axis.com,smtp1.axis.com,axis.com,
product-security@canon-europe.com,valid,accepted_email,false,false,false,false,product-security,canon-europe.com,canoneurope-com01c.mail.protection.outlook.com,outlook.com,
product-security@gg.jp.panasonic.com,valid,accepted_email,false,true,false,false,product-security,gg.jp.panasonic.com,panasonic.in.tmems-jp.trendmicro.com,trendmicro.com,
product-security@qualcomm.com,valid,accepted_email,false,true,false,false,product-security,qualcomm.com,mxa-0031df01.gslb.pphosted.com,pphosted.com,
product-security@silabs.com,valid,accepted_email,false,true,false,false,product-security,silabs.com,mxa-0024c301.gslb.pphosted.com,pphosted.com,
product-security@xonasystems.com,valid,accepted_email,false,false,false,false,product-security,xonasystems.com,xonasystems-com.mail.protection.outlook.com,outlook.com,
product.security@arconnet.com,valid,accepted_email,false,false,false,false,product.security,arconnet.com,arconnet-com.mail.protection.outlook.com,outlook.com,
product.security@lge.com,valid,accepted_email,false,true,false,false,product.security,lge.com,lgesmtp.lge.com,lge.com,product.security@live.com
product.security@radiometer.dk,valid,accepted_email,false,true,false,false,product.security,radiometer.dk,mxa-001d2f01.gslb.pphosted.com,pphosted.com,
product.security@roche.com,valid,accepted_email,false,false,false,false,product.security,roche.com,rmumtaext02.roche.com,roche.com,
product.security@xyleminc.com,valid,accepted_email,false,true,false,false,product.security,xyleminc.com,mxa-003d2901.gslb.pphosted.com,pphosted.com,
productcert@siemens.com,valid,accepted_email,false,false,false,false,productcert,siemens.com,siemens-com.h-v1.mx.microsoft,mx.microsoft,
productsecurity@baxter.com,valid,accepted_email,false,true,false,false,productsecurity,baxter.com,mx1.hc3292-22.iphmx.com,iphmx.com,
productsecurity@bbraun.com,valid,accepted_email,false,false,false,false,productsecurity,bbraun.com,mxa-00163d02.gslb.pphosted.com,pphosted.com,
productsecurity@beckman.com,valid,accepted_email,false,true,false,false,productsecurity,beckman.com,mxa-001d2f01.gslb.pphosted.com,pphosted.com,
productsecurity@carrier.com,valid,accepted_email,false,false,false,false,productsecurity,carrier.com,mxa-0065c301.gslb.pphosted.com,pphosted.com,
productsecurity@cepheid.com,valid,accepted_email,false,true,false,false,productsecurity,cepheid.com,mxa-001d2f01.gslb.pphosted.com,pphosted.com,
productsecurity@hemocue.se,valid,accepted_email,false,true,false,false,productsecurity,hemocue.se,mxa-001d2f01.gslb.pphosted.com,pphosted.com,
productsecurity@idtdna.com,valid,accepted_email,false,true,false,false,productsecurity,idtdna.com,mxa-001d2f01.gslb.pphosted.com,pphosted.com,
productsecurity@jamf.com,valid,accepted_email,false,false,false,false,productsecurity,jamf.com,jamf-com.mail.protection.outlook.com,outlook.com,
productsecurity@jci.com,valid,accepted_email,false,false,false,false,productsecurity,jci.com,jci-com.mail.protection.outlook.com,outlook.com,productsecurity@cs.com
productsecurity@leica-microsystems.com,valid,accepted_email,false,true,false,false,productsecurity,leica-microsystems.com,mxa-001d2f01.gslb.pphosted.com,pphosted.com,
productsecurity@pall.com,valid,accepted_email,false,true,false,false,productsecurity,pall.com,mxa-001d2f01.gslb.pphosted.com,pphosted.com,productsecurity@aol.com
productsecurity@philips.com,valid,accepted_email,false,false,false,false,productsecurity,philips.com,philips-com.mail.protection.outlook.com,outlook.com,
productsecurity@stryker.com,valid,accepted_email,false,true,false,false,productsecurity,stryker.com,stryker-com.mail.protection.outlook.com,outlook.com,
productsecurity@teradyne-robotics.com,valid,accepted_email,false,true,false,false,productsecurity,teradyne-robotics.com,mxa-0015db01.gslb.pphosted.com,pphosted.com,
productvulnerability@imanage.com,valid,accepted_email,false,false,false,false,productvulnerability,imanage.com,imanage-com.mail.protection.outlook.com,outlook.com,
psirt-cna@flexerasoftware.com,valid,accepted_email,false,true,false,false,psirt-cna,flexerasoftware.com,flexerasoftware-com.mail.protection.outlook.com,outlook.com,
psirt-info@mlsig.jp.nec.com,valid,accepted_email,false,true,false,false,psirt-info,mlsig.jp.nec.com,mx2.hc221-79.ap.iphmx.com,iphmx.com,
psirt@adobe.com,valid,accepted_email,false,true,false,false,psirt,adobe.com,adobe-com.mail.protection.outlook.com,outlook.com,
psirt@altera.com,valid,accepted_email,false,false,false,false,psirt,altera.com,altera-com.mail.protection.outlook.com,outlook.com,
psirt@amd.com,valid,accepted_email,false,true,false,false,psirt,amd.com,amd-com.mail.protection.outlook.com,outlook.com,psirt@aol.com
psirt@amperecomputing.com,valid,accepted_email,false,true,false,false,psirt,amperecomputing.com,amperecomputing-com.mail.protection.outlook.com,outlook.com,
psirt@arista.com,valid,accepted_email,false,true,false,false,psirt,arista.com,aspmx.l.google.com,google.com,
psirt@arm.com,valid,accepted_email,false,true,false,false,psirt,arm.com,arm-com.mail.protection.outlook.com,outlook.com,psirt@aol.com
psirt@arteche.com,valid,accepted_email,false,false,false,false,psirt,arteche.com,arteche-com.mail.protection.outlook.com,outlook.com,
psirt@autodesk.com,valid,accepted_email,false,false,false,false,psirt,autodesk.com,autodesk-com.mail.protection.outlook.com,outlook.com,
psirt@blackduck.com,valid,accepted_email,false,false,false,false,psirt,blackduck.com,blackduck-com.mail.protection.outlook.com,outlook.com,
psirt@bosch.com,valid,accepted_email,false,false,false,false,psirt,bosch.com,bosch-com.mail.protection.outlook.com,outlook.com,
psirt@broadcom.com,valid,accepted_email,false,true,false,false,psirt,broadcom.com,mx1.smtp.goog,smtp.goog,
psirt@ciena.com,valid,accepted_email,false,true,false,false,psirt,ciena.com,mxa-00103a01.gslb.pphosted.com,pphosted.com,psirt@sina.com
psirt@cisco.com,valid,accepted_email,false,true,false,false,psirt,cisco.com,alln-mx-01.cisco.com,cisco.com,
psirt@commvault.com,valid,accepted_email,false,true,false,false,psirt,commvault.com,primary.us.email.fireeyecloud.com,fireeyecloud.com,
psirt@eaton.com,valid,accepted_email,false,true,false,false,psirt,eaton.com,eaton-com.mail.protection.outlook.com,outlook.com,
psirt@emc.com.tw,valid,accepted_email,false,false,false,false,psirt,emc.com.tw,emcscan.emc.com.tw,emc.com.tw,psirt@gmx.com.tw
psirt@ericsson.com,valid,accepted_email,false,false,false,false,psirt,ericsson.com,ericsson-com.mail.protection.outlook.com,outlook.com,
psirt@esri.com,valid,accepted_email,false,false,false,false,psirt,esri.com,mxa-00151a02.gslb.pphosted.com,pphosted.com,
psirt@extremenetworks.com,valid,accepted_email,false,false,false,false,psirt,extremenetworks.com,extremenetworks-com.mail.protection.outlook.com,outlook.com,
psirt@forcepoint.com,valid,accepted_email,false,true,false,false,psirt,forcepoint.com,cust78413-1.in.mailcontrol.com,mailcontrol.com,
psirt@hcl-software.com,valid,accepted_email,false,false,false,false,psirt,hcl-software.com,smtp.google.com,google.com,
psirt@hillstonenet.com,valid,accepted_email,false,true,false,false,psirt,hillstonenet.com,coremail.hillstonenet.com,hillstonenet.com,
psirt@honeywell.com,valid,accepted_email,false,true,false,false,psirt,honeywell.com,honeywell-com.mail.protection.outlook.com,outlook.com,
psirt@huawei.com,valid,accepted_email,false,false,false,false,psirt,huawei.com,mx5.huawei.com,huawei.com,
psirt@idemia.com,valid,accepted_email,false,true,false,false,psirt,idemia.com,mxa-0018b601.gslb.pphosted.com,pphosted.com,
psirt@lenovo.com,valid,accepted_email,false,false,false,false,psirt,lenovo.com,lenovo-com.mail.protection.outlook.com,outlook.com,
psirt@leonardo.com,valid,accepted_email,false,false,false,false,psirt,leonardo.com,leonardo-com.mail.protection.outlook.com,outlook.com,
psirt@microchip.com,valid,accepted_email,false,true,false,false,psirt,microchip.com,mx1.microchip.iphmx.com,iphmx.com,
psirt@milestonesys.com,valid,accepted_email,false,false,false,false,psirt,milestonesys.com,milestonesys-com.mail.protection.outlook.com,outlook.com,
psirt@mirantis.com,valid,accepted_email,false,true,false,false,psirt,mirantis.com,aspmx.l.google.com,google.com,
psirt@moxa.com,valid,accepted_email,false,false,false,false,psirt,moxa.com,moxa.mail.protection.outlook.com,outlook.com,
psirt@n-able.com,valid,accepted_email,false,false,false,false,psirt,n-able.com,mx1.n-able.com,n-able.com,
psirt@netskope.com,unknown,temporarily_blocked,false,false,false,false,psirt,netskope.com,us-smtp-inbound-1.mimecast.com,mimecast.com,
psirt@nvidia.com,valid,accepted_email,false,false,false,false,psirt,nvidia.com,nvidia-com.mail.protection.outlook.com,outlook.com,
psirt@okta.com,valid,accepted_email,false,true,false,false,psirt,okta.com,mxa-00553301.gslb.pphosted.com,pphosted.com,
psirt@paloaltonetworks.com,valid,accepted_email,false,true,false,false,psirt,paloaltonetworks.com,mxa-00169c01.gslb.pphosted.com,pphosted.com,
psirt@pingidentity.com,valid,accepted_email,false,false,false,false,psirt,pingidentity.com,aspmx.l.google.com,google.com,
psirt@purestorage.com,valid,accepted_email,false,true,false,false,psirt,purestorage.com,aspmx.l.google.com,google.com,
psirt@rockwellautomation.com,valid,accepted_email,false,true,false,false,psirt,rockwellautomation.com,mxb-001e2002.gslb.pphosted.com,pphosted.com,
psirt@sailpoint.com,valid,accepted_email,false,true,false,false,psirt,sailpoint.com,mxa-002cee01.gslb.pphosted.com,pphosted.com,
psirt@samsung.com,valid,accepted_email,false,false,false,false,psirt,samsung.com,mailin.samsung.com,samsung.com,
psirt@sandisk.com,valid,accepted_email,false,true,false,false,psirt,sandisk.com,mx1.hc6817-7.iphmx.com,iphmx.com,
psirt@seagate.com,valid,accepted_email,false,true,false,false,psirt,seagate.com,mx1.hc4959-67.iphmx.com,iphmx.com,
psirt@servicenow.com,unknown,temporarily_blocked,false,false,false,false,psirt,servicenow.com,us-smtp-inbound-1.mimecast.com,mimecast.com,
psirt@sick.de,valid,accepted_email,false,false,false,false,psirt,sick.de,mxa-001e4f01.gslb.pphosted.com,pphosted.com,
psirt@softing.com,valid,accepted_email,false,false,false,false,psirt,softing.com,softing-com.mail.protection.outlook.com,outlook.com,
psirt@solarwinds.com,valid,accepted_email,false,false,false,false,psirt,solarwinds.com,solarwinds-com.mail.protection.outlook.com,outlook.com,
psirt@sonicwall.com,valid,accepted_email,false,true,false,false,psirt,sonicwall.com,mail1.sonicwall.com,sonicwall.com,
psirt@synaptics.com,valid,accepted_email,false,true,false,false,psirt,synaptics.com,mxa-00343a01.gslb.pphosted.com,pphosted.com,
psirt@teamviewer.com,unknown,temporarily_blocked,false,false,false,false,psirt,teamviewer.com,de-smtp-inbound-1.mimecast.com,mimecast.com,
psirt@thalesgroup.com,valid,accepted_email,false,false,false,false,psirt,thalesgroup.com,mx01.thalesgroup.com,thalesgroup.com,
psirt@tigera.io,valid,accepted_email,false,true,false,false,psirt,tigera.io,aspmx.l.google.com,google.com,
psirt@us.ibm.com,valid,accepted_email,false,true,false,false,psirt,us.ibm.com,mx0a-001b2d05.pphosted.com,pphosted.com,
psirt@vestel.com.tr,valid,accepted_email,false,false,false,false,psirt,vestel.com.tr,mx3.zorlu.com,zorlu.com,
psirt@wdc.com,valid,accepted_email,false,true,false,false,psirt,wdc.com,mx1.hgst.iphmx.com,iphmx.com,psirt@mac.com
psirt@windriver.com,valid,accepted_email,false,true,false,false,psirt,windriver.com,mxa-0064b401.gslb.pphosted.com,pphosted.com,
report@directcyber.com.au,valid,accepted_email,false,true,false,false,report,directcyber.com.au,smtp.directcyber.com.au,directcyber.com.au,
report@snyk.io,valid,accepted_email,false,false,false,false,report,snyk.io,aspmx.l.google.com,google.com,
research@netrise.io,valid,accepted_email,false,false,false,false,research,netrise.io,aspmx.l.google.com,google.com,
research@onekey.com,valid,accepted_email,false,false,false,false,research,onekey.com,onekey-com.mail.protection.outlook.com,outlook.com,
responsible.disclosure@ivanti.com,valid,accepted_email,false,false,false,false,responsible.disclosure,ivanti.com,ivanti-com.mail.protection.outlook.com,outlook.com,
responsibledisclosure@mattermost.com,valid,accepted_email,false,false,false,false,responsibledisclosure,mattermost.com,smtp.google.com,google.com,
responsibledisclosure@realpage.com,valid,accepted_email,false,true,false,false,responsibledisclosure,realpage.com,realpage-com.mail.protection.outlook.com,outlook.com,
rootcna-coordination@redhat.com,unknown,temporarily_blocked,false,false,false,false,rootcna-coordination,redhat.com,us-smtp-inbound-2.mimecast.com,mimecast.com,
scy@openharmony.io,valid,accepted_email,false,false,false,false,scy,openharmony.io,mail.openatom.io,openatom.io,
secalert@redhat.com,valid,accepted_email,false,true,false,false,secalert,redhat.com,us-smtp-inbound-1.mimecast.com,mimecast.com,
secalert_us@oracle.com,valid,accepted_email,false,false,false,false,secalert_us,oracle.com,mxb-00069f01.gslb.pphosted.com,pphosted.com,
secteam@freebsd.org,valid,accepted_email,false,false,false,false,secteam,freebsd.org,mx1.freebsd.org,freebsd.org,
secure.cctv@hanwha.com,valid,accepted_email,false,false,false,false,secure.cctv,hanwha.com,mx2.hanwha.com,hanwha.com,
secure.panorama@codra.net,valid,accepted_email,false,true,false,false,secure.panorama,codra.net,mail.codra.net,codra.net,
secure@arcinfo.com,valid,accepted_email,false,true,false,false,secure,arcinfo.com,arcinfo-com.mail.protection.outlook.com,outlook.com,
secure@beyondtrust.com,valid,accepted_email,false,true,false,false,secure,beyondtrust.com,mxa-00311301.gslb.pphosted.com,pphosted.com,
secure@blackberry.com,valid,accepted_email,false,true,false,false,secure,blackberry.com,mx11.blackberry.com,blackberry.com,
secure@citrix.com,valid,accepted_email,false,true,false,false,secure,citrix.com,citrix-com.mail.protection.outlook.com,outlook.com,
secure@cloud.com,valid,accepted_email,false,false,false,false,secure,cloud.com,aspmx.l.google.com,google.com,secure@icloud.com
secure@dell.com,valid,accepted_email,false,true,false,false,secure,dell.com,mxa-00154901.gslb.pphosted.com,pphosted.com,
secure@ea.com,valid,accepted_email,false,false,false,false,secure,ea.com,ea-com.mail.protection.outlook.com,outlook.com,secure@mac.com
secure@intel.com,valid,accepted_email,false,false,false,false,secure,intel.com,mgamail.eglb.intel.com,intel.com,
secure@microsoft.com,valid,accepted_email,false,false,false,false,secure,microsoft.com,microsoft-com.mail.protection.outlook.com,outlook.com,
secure@supermicro.com,valid,accepted_email,false,true,false,false,secure,supermicro.com,mgb.supermicro.com,supermicro.com,
secure@upkeeper.se,valid,accepted_email,false,false,false,false,secure,upkeeper.se,upkeeper-se.mail.protection.outlook.com,outlook.com,
securities@opengauss.org,valid,accepted_email,false,false,false,false,securities,opengauss.org,mail.opengauss.org,opengauss.org,
security-advisories@github.com,valid,accepted_email,false,true,false,false,security-advisories,github.com,github-com.mail.protection.outlook.com,outlook.com,
security-alert@hpe.com,valid,accepted_email,false,true,false,false,security-alert,hpe.com,mx0b-002e3701.pphosted.com,pphosted.com,security-alert@me.com
security-alert@netapp.com,valid,accepted_email,false,false,false,false,security-alert,netapp.com,mxa-003fbd02.gslb.pphosted.com,pphosted.com,
security-alert@nokia.com,valid,accepted_email,false,false,false,false,security-alert,nokia.com,nokia-com.mail.protection.outlook.com,outlook.com,
security-alert@sophos.com,valid,accepted_email,false,false,false,false,security-alert,sophos.com,mx-01-eu-west-1.prod.hydra.sophos.com,sophos.com,
security-announce@python.org,valid,accepted_email,false,false,false,false,security-announce,python.org,mail.python.org,python.org,
security-cna@dfinity.org,valid,accepted_email,false,false,false,false,security-cna,dfinity.org,aspmx.l.google.com,google.com,
security-disclosures@huntresslabs.com,valid,accepted_email,false,false,false,false,security-disclosures,huntresslabs.com,aspmx.l.google.com,google.com,
security-disclosures@ict.co,valid,accepted_email,false,false,false,false,security-disclosures,ict.co,ict-co.mail.protection.outlook.com,outlook.com,
security-ml@foxit.com,valid,accepted_email,false,false,false,false,security-ml,foxit.com,foxit-com.mail.protection.outlook.com,outlook.com,
security-officer@isc.org,valid,accepted_email,false,false,false,false,security-officer,isc.org,mx.pao1.isc.org,isc.org,
security-report@netflix.com,valid,accepted_email,false,true,false,false,security-report,netflix.com,aspmx.l.google.com,google.com,
security-reports@zoom.us,valid,accepted_email,false,true,false,false,security-reports,zoom.us,mxa-00569201.gslb.pphosted.com,pphosted.com,
security-research@sec-consult.com,valid,accepted_email,false,false,false,false,security-research,sec-consult.com,secconsult-com0i.mail.protection.outlook.com,outlook.com,
security-team@grafana.com,valid,accepted_email,false,true,false,false,security-team,grafana.com,aspmx.l.google.com,google.com,
security.report@insyde.com,valid,accepted_email,false,false,false,false,security.report,insyde.com,insyde-com.mail.protection.outlook.com,outlook.com,
security.reports@fortra.com,valid,accepted_email,false,true,false,false,security.reports,fortra.com,seg1.helpsystems.com,helpsystems.com,
security.tecno@tecno-mobile.com,valid,accepted_email,false,false,false,false,security.tecno,tecno-mobile.com,tecnomobile-com01c.mail.protection.outlook.com,outlook.com,
security.vulnerabilities@algosec.com,valid,accepted_email,false,false,false,false,security.vulnerabilities,algosec.com,algosec-com.mail.protection.outlook.com,outlook.com,
security.vulnerabilities@hitachivantara.com,valid,accepted_email,false,true,false,false,security.vulnerabilities,hitachivantara.com,hitachivantara-com.mail.protection.outlook.com,outlook.com,
security@42gears.com,valid,accepted_email,false,false,true,false,security,42gears.com,aspmx.l.google.com,google.com,
security@acronis.com,valid,accepted_email,false,false,true,false,security,acronis.com,acronis-com.mail.protection.outlook.com,outlook.com,
security@apache.org,valid,accepted_email,false,true,true,false,security,apache.org,mx1-ec2-va.apache.org,apache.org,
security@armis.com,valid,accepted_email,false,true,true,false,security,armis.com,mailstream-east.mxrecord.io,mxrecord.io,
security@asus.com,valid,accepted_email,false,false,true,false,security,asus.com,mg.asus.com,asus.com,
security@asustor.com,valid,accepted_email,false,false,true,false,security,asustor.com,aspmx.l.google.com,google.com,
security@atlassian.com,valid,accepted_email,false,true,true,false,security,atlassian.com,mxa-001d9801.gslb.pphosted.com,pphosted.com,
security@axxonsoft.com,valid,accepted_email,false,false,true,false,security,axxonsoft.com,axxonsoft-com.mail.protection.outlook.com,outlook.com,
security@bizerba.com,valid,accepted_email,false,false,true,false,security,bizerba.com,bizerba-com.mail.protection.outlook.com,outlook.com,
security@bluespice.com,valid,accepted_email,false,true,true,false,security,bluespice.com,mail.bluespice.com,bluespice.com,
security@canva.com,valid,accepted_email,false,true,true,false,security,canva.com,aspmx.l.google.com,google.com,
security@censys.io,valid,accepted_email,false,false,true,false,security,censys.io,aspmx.l.google.com,google.com,
security@centreon.com,valid,accepted_email,false,false,true,false,security,centreon.com,aspmx.l.google.com,google.com,
security@checkmk.com,valid,accepted_email,false,false,true,false,security,checkmk.com,aspmx.l.google.com,google.com,
security@chromium.org,valid,accepted_email,false,false,true,false,security,chromium.org,aspmx.l.google.com,google.com,
security@clickhouse.com,valid,accepted_email,false,true,true,false,security,clickhouse.com,aspmx.l.google.com,google.com,
security@concretecms.org,valid,accepted_email,false,false,true,false,security,concretecms.org,aspmx.l.google.com,google.com,
security@craftersoftware.com,valid,accepted_email,false,false,true,false,security,craftersoftware.com,aspmx.l.google.com,google.com,
security@danfoss.com,valid,accepted_email,false,false,true,false,security,danfoss.com,danfoss-com.mail.protection.outlook.com,outlook.com,
security@debian.org,valid,accepted_email,false,false,true,false,security,debian.org,mailly.debian.org,debian.org,
security@devcycle.com,unknown,temporarily_blocked,false,false,true,false,security,devcycle.com,us-smtp-inbound-1.mimecast.com,mimecast.com,
security@devolutions.net,valid,accepted_email,false,false,true,false,security,devolutions.net,devolutions-net.mail.protection.outlook.com,outlook.com,
security@dhis2.org,valid,accepted_email,false,false,true,false,security,dhis2.org,aspmx.l.google.com,google.com,
security@docker.com,valid,accepted_email,false,false,true,false,security,docker.com,aspmx.l.google.com,google.com,
security@documentfoundation.org,unknown,temporarily_blocked,false,false,true,false,security,documentfoundation.org,mail.documentfoundation.org,documentfoundation.org,
security@dotcms.com,valid,accepted_email,false,false,true,false,security,dotcms.com,aspmx.l.google.com,google.com,
security@dremio.com,valid,accepted_email,false,false,true,false,security,dremio.com,aspmx.l.google.com,google.com,
security@drupal.org,unknown,temporarily_blocked,false,false,true,false,security,drupal.org,smtp4.osuosl.org,osuosl.org,
security@eclipse.org,valid,accepted_email,false,false,true,false,security,eclipse.org,mail.eclipse.org,eclipse.org,
security@edgewatch.com,valid,accepted_email,false,true,true,false,security,edgewatch.com,smtp.google.com,google.com,
security@elastic.co,valid,accepted_email,false,false,true,false,security,elastic.co,aspmx.l.google.com,google.com,
security@eset.com,valid,accepted_email,false,false,true,false,security,eset.com,a.mx.eset.com,eset.com,
security@fermax.com,valid,accepted_email,false,false,true,false,security,fermax.com,fermax-com.mail.protection.outlook.com,outlook.com,
security@fidelissecurity.com,valid,accepted_email,false,false,true,false,security,fidelissecurity.com,fidelissecurity-com.mail.protection.outlook.com,outlook.com,
security@forescout.com,unknown,temporarily_blocked,false,false,true,false,security,forescout.com,us-smtp-inbound-1.mimecast.com,mimecast.com,
security@gendigital.com,valid,accepted_email,false,false,true,false,security,gendigital.com,gendigital-com.mail.protection.outlook.com,outlook.com,
security@genetec.com,valid,accepted_email,false,true,true,false,security,genetec.com,genetec-com.mail.protection.outlook.com,outlook.com,
security@geovision.com.tw,valid,accepted_email,false,false,true,false,security,geovision.com.tw,ntvirus2.url.com.tw,url.com.tw,
security@gitea.com,valid,accepted_email,false,true,true,false,security,gitea.com,smtp.google.com,google.com,
security@golang.org,valid,accepted_email,false,false,true,false,security,golang.org,aspmx.l.google.com,google.com,
security@hashicorp.com,valid,accepted_email,false,true,true,false,security,hashicorp.com,mx0a-001b2d05.pphosted.com,pphosted.com,
security@hdfgroup.org,valid,accepted_email,false,false,true,false,security,hdfgroup.org,hdfgroup-org.mail.protection.outlook.com,outlook.com,
security@hihonor.com,unknown,unavailable_smtp,false,false,true,false,security,hihonor.com,mx1.hihonor.com,hihonor.com,
security@huntr.com,valid,accepted_email,false,false,true,false,security,huntr.com,aspmx.l.google.com,google.com,
security@hypr.com,valid,accepted_email,false,true,true,false,security,hypr.com,aspmx.l.google.com,google.com,
security@illumio.com,unknown,temporarily_blocked,false,false,true,false,security,illumio.com,us-smtp-inbound-1.mimecast.com,mimecast.com,
security@imgtec.com,valid,accepted_email,false,false,true,false,security,imgtec.com,mxa-00376f01.gslb.pphosted.com,pphosted.com,
security@iot83.com,valid,accepted_email,false,false,true,false,security,iot83.com,iot83-com.mail.protection.outlook.com,outlook.com,
security@jetbrains.com,valid,accepted_email,false,false,true,false,security,jetbrains.com,aspmx.l.google.com,google.com,
security@joomla.org,valid,accepted_email,false,false,true,false,security,joomla.org,aspmx.l.google.com,google.com,
security@jupiterone.com,valid,accepted_email,false,false,true,false,security,jupiterone.com,aspmx.l.google.com,google.com,
security@kcftech.com,valid,accepted_email,false,false,true,false,security,kcftech.com,kcftech-com.mail.protection.outlook.com,outlook.com,
security@knime.com,valid,accepted_email,false,false,true,false,security,knime.com,aspmx.l.google.com,google.com,
security@krakend.io,valid,accepted_email,false,false,true,false,security,krakend.io,aspmx.l.google.com,google.com,
security@kubernetes.io,valid,accepted_email,false,false,true,false,security,kubernetes.io,aspmx.l.google.com,google.com,
security@libreswan.org,unknown,temporarily_blocked,false,false,true,false,security,libreswan.org,bar-jono.foobar.fi,foobar.fi,
security@liferay.com,valid,accepted_email,false,true,true,false,security,liferay.com,aspmx.l.google.com,google.com,
security@lists.openjsf.org,valid,accepted_email,false,false,true,false,security,lists.openjsf.org,lb01.groups.io,groups.io,
security@m-files.com,valid,accepted_email,false,false,true,false,security,m-files.com,mfiles-com0c.mail.protection.outlook.com,outlook.com,
security@mediatek.com,valid,accepted_email,false,false,true,false,security,mediatek.com,mailgw02.mediatek.com,mediatek.com,
security@medtronic.com,valid,accepted_email,false,true,true,false,security,medtronic.com,mxa-00204301.gslb.pphosted.com,pphosted.com,
security@mimsoftware.com,valid,accepted_email,false,false,true,false,security,mimsoftware.com,aspmx.l.google.com,google.com,
security@mozilla.org,valid,accepted_email,false,true,true,false,security,mozilla.org,aspmx.l.google.com,google.com,
security@neo4j.com,valid,accepted_email,false,false,true,false,security,neo4j.com,aspmx.l.google.com,google.com,
security@netgear.com,valid,accepted_email,false,true,true,false,security,netgear.com,mxa-001f3e01.gslb.pphosted.com,pphosted.com,
security@networkoptix.com,valid,accepted_email,false,true,true,false,security,networkoptix.com,aspmx.l.google.com,google.com,
security@ni.com,valid,accepted_email,false,true,true,false,security,ni.com,mxb-00300601.gslb.pphosted.com,pphosted.com,
security@nutanix.com,valid,accepted_email,false,true,true,false,security,nutanix.com,mxa-002c1b01.gslb.pphosted.com,pphosted.com,
security@oceanbase.com,valid,accepted_email,false,false,true,false,security,oceanbase.com,mx1.qiye.aliyun.com,aliyun.com,
security@octopus.com,valid,accepted_email,false,false,true,false,security,octopus.com,aspmx.l.google.com,google.com,
security@odoo.com,valid,accepted_email,false,true,true,false,security,odoo.com,mx1c.odoo.com,odoo.com,
security@omnissa.com,valid,accepted_email,false,false,true,false,security,omnissa.com,omnissa-com.mail.protection.outlook.com,outlook.com,
security@open-xchange.com,valid,accepted_email,false,true,true,false,security,open-xchange.com,mx1.open-xchange.com,open-xchange.com,
security@openanolis.org,valid,accepted_email,false,false,true,false,security,openanolis.org,mxn.mxhichina.com,mxhichina.com,
security@opendesign.com,valid,accepted_email,false,false,true,false,security,opendesign.com,mx3.opendesign.com,opendesign.com,
security@opennms.com,valid,accepted_email,false,false,true,false,security,opennms.com,opennms-com.mail.protection.outlook.com,outlook.com,
security@opentext.com,valid,accepted_email,false,true,true,false,security,opentext.com,mxb-00102601.gslb.pphosted.com,pphosted.com,
security@openvpn.net,valid,accepted_email,false,false,true,false,security,openvpn.net,aspmx.l.google.com,google.com,
security@oppo.com,valid,accepted_email,false,true,true,false,security,oppo.com,oppo-com.mail.protection.outlook.com,outlook.com,
security@otrs.com,valid,accepted_email,false,false,true,false,security,otrs.com,mail.otrs.com,otrs.com,
security@pandorafms.com,valid,accepted_email,false,false,true,false,security,pandorafms.com,aspmx.l.google.com,google.com,
security@pangea.cloud,valid,accepted_email,false,true,true,false,security,pangea.cloud,mxa-00206402.gslb.pphosted.com,pphosted.com,
security@papercut.com,valid,accepted_email,false,false,true,false,security,papercut.com,aspmx.l.google.com,google.com,
security@payara.fish,valid,accepted_email,false,false,true,false,security,payara.fish,payara-fish.mail.protection.outlook.com,outlook.com,
security@perforce.com,valid,accepted_email,false,true,true,false,security,perforce.com,perforce-com.mail.protection.outlook.com,outlook.com,
security@php.net,valid,accepted_email,false,false,true,false,security,php.net,php-smtp4-ip4.php.net,php.net,security@nhs.net
security@pingcap.com,valid,accepted_email,false,true,true,false,security,pingcap.com,alt1.aspmx.l.google.com,google.com,
security@pingidentity.com,valid,accepted_email,false,false,true,false,security,pingidentity.com,aspmx.l.google.com,google.com,
security@plextrac.com,valid,accepted_email,false,false,true,false,security,plextrac.com,aspmx.l.google.com,google.com,
security@progress.com,unknown,temporarily_blocked,false,false,true,false,security,progress.com,us-smtp-inbound-1.mimecast.com,mimecast.com,
security@proofpoint.com,valid,accepted_email,false,false,true,false,security,proofpoint.com,mxa-00148501.gslb.pphosted.com,pphosted.com,
security@proton.me,valid,accepted_email,false,false,true,true,security,proton.me,mail.protonmail.ch,protonmail.ch,
security@qnap.com,valid,accepted_email,false,false,true,false,security,qnap.com,qnap-com.mail.protection.outlook.com,outlook.com,
security@qt.io,valid,accepted_email,false,false,true,false,security,qt.io,qt-io.mail.protection.outlook.com,outlook.com,
security@rami.io,valid,accepted_email,false,false,true,false,security,rami.io,mail.rami.io,rami.io,
security@replicated.com,valid,accepted_email,false,true,true,false,security,replicated.com,aspmx.l.google.com,google.com,
security@rti.com,valid,accepted_email,false,true,true,false,security,rti.com,aspmx.l.google.com,google.com,security@att.com
security@rust-lang.org,valid,accepted_email,false,true,true,false,security,rust-lang.org,mxa.mailgun.org,mailgun.org,
security@salesforce.com,valid,accepted_email,false,false,true,false,security,salesforce.com,mxa-00177002.gslb.pphosted.com,pphosted.com,
security@saviynt.com,valid,accepted_email,false,false,true,false,security,saviynt.com,mxa-0079b103.gslb.pphosted.com,pphosted.com,
security@search-guard.com,valid,accepted_email,false,false,true,false,security,search-guard.com,mxlb.ispgateway.de,ispgateway.de,
security@sec1.io,valid,accepted_email,false,false,true,false,security,sec1.io,aspmx.l.google.com,google.com,
security@securepoint.de,valid,accepted_email,false,false,true,false,security,securepoint.de,mx0.securepoint.de,securepoint.de,
security@selinc.com,valid,accepted_email,false,false,true,false,security,selinc.com,selinc-com.mail.protection.outlook.com,outlook.com,
security@sierrawireless.com,valid,accepted_email,false,true,true,false,security,sierrawireless.com,usb-smtp-inbound-1.mimecast.com,mimecast.com,
security@simplinx.com,valid,accepted_email,false,true,true,false,security,simplinx.com,simplinx-com.mail.protection.outlook.com,outlook.com,
security@smiledigitalhealth.com,valid,accepted_email,false,false,true,false,security,smiledigitalhealth.com,aspmx.l.google.com,google.com,
security@snowsoftware.com,valid,accepted_email,false,false,true,false,security,snowsoftware.com,snowsoftware-com.mail.protection.outlook.com,outlook.com,
security@socradar.io,valid,accepted_email,false,true,true,false,security,socradar.io,aspmx.l.google.com,google.com,
security@solidigm.com,valid,accepted_email,false,true,true,false,security,solidigm.com,solidigm-com.mail.protection.outlook.com,outlook.com,
security@sonatype.com,valid,accepted_email,false,true,true,false,security,sonatype.com,aspmx.l.google.com,google.com,
security@strongdm.com,valid,accepted_email,false,true,true,false,security,strongdm.com,strongdm-com.mail.protection.outlook.com,outlook.com,
security@suse.de,valid,accepted_email,false,false,true,false,security,suse.de,smtp-in2.suse.de,suse.de,
security@synology.com,valid,accepted_email,false,false,true,false,security,synology.com,mail.synology.com,synology.com,
security@t-mobile.com,valid,accepted_email,false,true,true,false,security,t-mobile.com,mxa-00025704.gslb.pphosted.com,pphosted.com,
security@tanium.org,invalid,no_mx_record,false,false,true,false,security,tanium.org,,,
security@tcl.com,valid,accepted_email,false,true,true,false,security,tcl.com,tcl-com.corpsmtp.net,corpsmtp.net,security@aol.com
security@tcpdump.org,valid,accepted_email,false,false,true,false,security,tcpdump.org,mx.zoho.com,zoho.com,
security@temporal.io,valid,accepted_email,false,false,true,false,security,temporal.io,aspmx.l.google.com,google.com,
security@thebrowser.company,valid,accepted_email,false,true,true,false,security,thebrowser.company,aspmx.l.google.com,google.com,
security@tibco.com,valid,accepted_email,false,false,true,false,security,tibco.com,aspmx.l.google.com,google.com,
security@tp-link.com,valid,accepted_email,false,false,true,false,security,tp-link.com,tplink-com0e.mail.protection.outlook.com,outlook.com,
security@trendmicro.com,valid,accepted_email,false,false,true,false,security,trendmicro.com,mad666.in.tmes.trendmicro.com,trendmicro.com,
security@turansec.uz,valid,accepted_email,false,true,true,false,security,turansec.uz,emx.mail.ru,mail.ru,
security@txone.com,valid,accepted_email,false,false,true,false,security,txone.com,txone-com.mail.protection.outlook.com,outlook.com,
security@typo3.org,valid,accepted_email,false,true,true,false,security,typo3.org,smtp.google.com,google.com,
security@ubuntu.com,valid,accepted_email,false,false,true,false,security,ubuntu.com,mx.ubuntu.com,ubuntu.com,
security@unisoc.com,valid,accepted_email,false,true,true,false,security,unisoc.com,mx.f5.unisoc.com,unisoc.com,
security@uniview.com,valid,accepted_email,false,true,true,false,security,uniview.com,uniview-com.corpsmtp.net,corpsmtp.net,
security@vaadin.com,valid,accepted_email,false,false,true,false,security,vaadin.com,aspmx.l.google.com,google.com,
security@villageb.io,valid,accepted_email,false,false,true,false,security,villageb.io,aspmx.l.google.com,google.com,
security@vivo.com,valid,accepted_email,false,false,true,false,security,vivo.com,vivo-com.mail.protection.outlook.com,outlook.com,security@live.com
security@voting.works,valid,accepted_email,false,false,true,false,security,voting.works,aspmx.l.google.com,google.com,
security@watchdog.com,invalid,rejected_email,false,false,true,false,security,watchdog.com,mx.zoho.com,zoho.com,
security@watchguard.com,valid,accepted_email,false,true,true,false,security,watchguard.com,mx-cluster-usa01.hornetsecurity.com,hornetsecurity.com,
security@wikimedia.org,valid,accepted_email,false,false,true,false,security,wikimedia.org,mx-in1001.wikimedia.org,wikimedia.org,
security@wso2.com,valid,accepted_email,false,false,true,false,security,wso2.com,aspmx.l.google.com,google.com,
security@xen.org,valid,accepted_email,false,true,true,false,security,xen.org,mxtls.expurgate.net,expurgate.net,
security@xiaomi.com,valid,accepted_email,false,false,true,false,security,xiaomi.com,mxhk.mxmail.xiaomi.com,xiaomi.com,
security@yugabyte.com,valid,accepted_email,false,false,true,false,security,yugabyte.com,aspmx.l.google.com,google.com,
security@zabbix.com,valid,accepted_email,false,false,true,false,security,zabbix.com,zabbix-com.mail.protection.outlook.com,outlook.com,
security@zyxel.com.tw,valid,accepted_email,false,true,true,false,security,zyxel.com.tw,mg.zyxel.com,zyxel.com,
security_report@fpt.com,valid,accepted_email,false,true,false,false,security_report,fpt.com,fpt-com.mail.protection.outlook.com,outlook.com,security_report@att.com
security_team@software.com,valid,accepted_email,false,false,false,false,security_team,software.com,aspmx.l.google.com,google.com,
securityalert@analog.com,valid,accepted_email,false,true,false,false,securityalert,analog.com,mxa-00128a01.gslb.pphosted.com,pphosted.com,
securityalerts@avaya.com,valid,accepted_email,false,true,false,false,securityalerts,avaya.com,mxa-00186901.gslb.pphosted.com,pphosted.com,
securityalerts@lexmark.com,valid,accepted_email,false,false,false,false,securityalerts,lexmark.com,lexmark-com.mail.protection.outlook.com,outlook.com,
securityreport@pega.com,valid,accepted_email,false,false,false,false,securityreport,pega.com,pega-com.mail.protection.outlook.com,outlook.com,
securityresponse@absolute.com,valid,accepted_email,false,true,false,false,securityresponse,absolute.com,mxa-0037f201.gslb.pphosted.com,pphosted.com,
securityteam@profisee.com,valid,accepted_email,false,false,false,false,securityteam,profisee.com,profisee-com.mail.protection.outlook.com,outlook.com,
sep@nlnetlabs.nl,valid,accepted_email,false,false,false,false,sep,nlnetlabs.nl,mxext1.mailbox.org,mailbox.org,
singcert@csa.gov.sg,valid,accepted_email,false,false,false,false,singcert,csa.gov.sg,mx1.sgict.gov.sg,sgict.gov.sg,
sirt@juniper.net,valid,accepted_email,false,true,false,false,sirt,juniper.net,mxa-00273201.gslb.pphosted.com,pphosted.com,
sirt@silver-peak.com,invalid,rejected_email,false,false,false,false,sirt,silver-peak.com,silverpeak-com01e.mail.protection.outlook.com,outlook.com,
smb-bd-cna@bd.com,valid,accepted_email,false,true,false,false,smb-bd-cna,bd.com,bd-com.mail.protection.outlook.com,outlook.com,
soc@onlogic.com,valid,accepted_email,false,false,false,false,soc,onlogic.com,aspmx.l.google.com,google.com,
src@bytedance.com,valid,accepted_email,false,false,false,false,src,bytedance.com,mx1.bytedance.com,bytedance.com,
support@crestron.com,valid,accepted_email,false,true,true,false,support,crestron.com,mxa-0016b001.gslb.pphosted.com,pphosted.com,
support@shopbeat.co.za,valid,accepted_email,false,true,true,false,support,shopbeat.co.za,smtp.google.com,google.com,
support@yeswehack.com,valid,accepted_email,false,true,true,false,support,yeswehack.com,yeswehack-com.mail.protection.outlook.com,outlook.com,
symantec.psirt@broadcom.com,valid,accepted_email,false,true,false,false,symantec.psirt,broadcom.com,mx1.smtp.goog,smtp.goog,
talos-cna@cisco.com,valid,accepted_email,false,true,false,false,talos-cna,cisco.com,alln-mx-01.cisco.com,cisco.com,
team@tcs-cert.com,valid,accepted_email,false,false,true,false,team,tcs-cert.com,tcscert-com0i.mail.protection.outlook.com,outlook.com,
tektagonsecurity@ami.com,valid,accepted_email,false,false,false,false,tektagonsecurity,ami.com,ami-com.mail.protection.outlook.com,outlook.com,tektagonsecurity@aol.com
todb@runzero.com,valid,accepted_email,false,true,false,false,todb,runzero.com,aspmx.l.google.com,google.com,
tr2@ctone.com,valid,accepted_email,false,false,false,false,tr2,ctone.com,mad666.in.tmes.trendmicro.com,trendmicro.com,
trellixpsirt@trellix.com,valid,accepted_email,false,true,false,false,trellixpsirt,trellix.com,primary.us.email.fireeyecloud.com,fireeyecloud.com,
vdisclose@cert-in.org.in,valid,accepted_email,false,true,false,false,vdisclose,cert-in.org.in,mail.cert-in.org.in,cert-in.org.in,
vdp@themissinglink.com.au,unknown,temporarily_blocked,false,false,false,false,vdp,themissinglink.com.au,au-smtp-inbound-1.mimecast.com,mimecast.com,
vmware.psirt@broadcom.com,valid,accepted_email,false,true,false,false,vmware.psirt,broadcom.com,mx1.smtp.goog,smtp.goog,
vuln@airbus.com,valid,accepted_email,false,false,false,false,vuln,airbus.com,mx1.myeers.net,myeers.net,
vuln@enisa.europa.eu,valid,accepted_email,false,false,false,false,vuln,enisa.europa.eu,prometheus.enisa.europa.eu,europa.eu,
vuln@fsec.or.kr,valid,accepted_email,false,true,false,false,vuln,fsec.or.kr,spam.fsec.or.kr,fsec.or.kr,
vuln_notice@krcert.or.kr,valid,accepted_email,false,false,false,false,vuln_notice,krcert.or.kr,imss.krcert.or.kr,krcert.or.kr,
vulncoord@ncsc.fi,valid,accepted_email,false,true,false,false,vulncoord,ncsc.fi,mail1.traficom.fi,traficom.fi,
vulnerabilities.caliptra-wg@lists.chipsalliance.org,valid,accepted_email,false,false,false,false,vulnerabilities.caliptra-wg,lists.chipsalliance.org,lb01.groups.io,groups.io,
vulnerabilities@zephyrproject.org,valid,accepted_email,false,true,false,false,vulnerabilities,zephyrproject.org,mx1.forwardemail.net,forwardemail.net,
vulnerability-disclosure@dtexsystems.com,valid,accepted_email,false,true,false,false,vulnerability-disclosure,dtexsystems.com,dtexsystems-com.mail.protection.outlook.com,outlook.com,
vulnerability-report@catonetworks.com,valid,accepted_email,false,true,false,false,vulnerability-report,catonetworks.com,catonetworks-com.mail.protection.outlook.com,outlook.com,
vulnerability.disclosures@eset.com,valid,accepted_email,false,false,false,false,vulnerability.disclosures,eset.com,a.mx.eset.com,eset.com,
vulnerability@acer.com,valid,accepted_email,false,true,false,false,vulnerability,acer.com,acer-com.mail.protection.outlook.com,outlook.com,
vulnerability@konghq.com,valid,accepted_email,false,true,false,false,vulnerability,konghq.com,aspmx.l.google.com,google.com,
vulnerability@ncsc.ch,valid,accepted_email,false,false,false,false,vulnerability,ncsc.ch,mail.ncsc.ch,ncsc.ch,
vulnerability@nibegroup.com,valid,accepted_email,false,true,false,false,vulnerability,nibegroup.com,mxa-00373502.gslb.pphosted.com,pphosted.com,
vulnerability@openam.jp,valid,accepted_email,false,false,false,false,vulnerability,openam.jp,sky.osstech.co.jp,osstech.co.jp,
vulnerability@spartanssec.com,valid,accepted_email,false,false,false,false,vulnerability,spartanssec.com,spartanssec-com.mail.protection.outlook.com,outlook.com,
vulnerabilityreporting@secomea.com,valid,accepted_email,false,false,false,false,vulnerabilityreporting,secomea.com,secomea-com.mail.protection.outlook.com,outlook.com,
vulnreport@tenable.com,unknown,temporarily_blocked,false,false,false,false,vulnreport,tenable.com,us-smtp-inbound-1.mimecast.com,mimecast.com,
vuls@jpcert.or.jp,valid,accepted_email,false,false,false,false,vuls,jpcert.or.jp,mx21.jpcert.or.jp,jpcert.or.jp,
xpdf@xpdfreader.com,valid,accepted_email,false,false,false,false,xpdf,xpdfreader.com,mail.xpdfreader.com,xpdfreader.com,
zdi-disclosures@trendmicro.com,valid,accepted_email,false,false,false,false,zdi-disclosures,trendmicro.com,mad666.in.tmes.trendmicro.com,trendmicro.com,
zowe-security@lists.openmainframeproject.org,valid,accepted_email,false,false,false,false,zowe-security,lists.openmainframeproject.org,lb01.groups.io,groups.io,
